N,lambda_measured,phi_measured,drift_percent
9,1.816496580927726,1.2310,0.000
27,1.81650,1.2310,0.0002
81,1.81649,1.23105,0.0003
500000,1.81650,1.23102,0.0004
